{
"Average Monthly Salary":[],
"Data - Average Monthly Salary":[
 {
  "INDICATOR": "Average Monthly Salary",
  "Scale": "units",
  "2021 Q3": 99013,
  "2021 Q4": 110144,
  "2022 Q1": 94924,
  "2022 Q2": 86902,
  "2022 Q3": 100215,
  "2022 Q4": 124618,
  "2023 Q1": 106811,
  "2023 Q2": 112237,
  "2023 Q3": 106206,
  "2023 Q4": 151503
 }
],
"No Title":[
 {
  "Column1": "Average Monthly Salary",
  "Units": "FCFA",
  "Scale": "units",
  "2021 Q3": 99013,
  "2021 Q4": 110144,
  "2022 Q1": 94924,
  "2022 Q2": 86902,
  "2022 Q3": 100215,
  "2022 Q4": 124618,
  "2023 Q1": 106811,
  "2023 Q2": 112237,
  "2023 Q3": 106206,
  "2023 Q4": 151503
 }
]
}